{
    "gravity": [
        0,
        0,
        -9.81
    ],
    "imu": {
        "pose": {
            "orientation": [
                [
                    1,
                    0,
                    0
                ],
                [
                    0,
                    1,
                    0
                ],
                [
                    0,
                    0,
                    1
                ]
            ],
            "position": [
                0,
                0,
                0
            ]
        }
    },
    "mass": 3.3499999046325684,
    "rotors": [
        {
            "pose": {
                "orientation": [
                    [
                        1,
                        0,
                        0
                    ],
                    [
                        0,
                        1,
                        0
                    ],
                    [
                        0,
                        0,
                        1
                    ]
                ],
                "position": [
                    0.2089499980211258,
                    -0.240666002035141,
                    0
                ]
            },
            "thrust_curve": {
                "factor_1": 1
            }
        },
        {
            "pose": {
                "orientation": [
                    [
                        1,
                        0,
                        0
                    ],
                    [
                        0,
                        1,
                        0
                    ],
                    [
                        0,
                        0,
                        1
                    ]
                ],
                "position": [
                    -0.2089499980211258,
                    0.240666002035141,
                    0
                ]
            },
            "thrust_curve": {
                "factor_1": 1
            }
        },
        {
            "pose": {
                "orientation": [
                    [
                        1,
                        0,
                        0
                    ],
                    [
                        0,
                        1,
                        0
                    ],
                    [
                        0,
                        0,
                        1
                    ]
                ],
                "position": [
                    0.2089499980211258,
                    0.240666002035141,
                    0
                ]
            },
            "thrust_curve": {
                "factor_1": 1
            }
        },
        {
            "pose": {
                "orientation": [
                    [
                        1,
                        0,
                        0
                    ],
                    [
                        0,
                        1,
                        0
                    ],
                    [
                        0,
                        0,
                        1
                    ]
                ],
                "position": [
                    -0.2089499980211258,
                    -0.240666002035141,
                    0
                ]
            },
            "thrust_curve": {
                "factor_1": 1
            }
        }
    ]
}