{
  "dynamics": {
    "n_rotors": 4,
    "rotor_positions": [
      [ 0.176776695296636, -0.176776695296636, 0],
      [-0.176776695296636,  0.176776695296636, 0],
      [ 0.176776695296636,  0.176776695296636, 0],
      [-0.176776695296636, -0.176776695296636, 0]
    ],
    "rotor_thrust_directions": [
      [0, 0, 1],
      [0, 0, 1],
      [0, 0, 1],
      [0, 0, 1]
    ],
    "rotor_torque_directions": [
      [0, 0, -1],
      [0, 0, -1],
      [0, 0,  1],
      [0, 0,  1]
    ],
    "rotor_thrust_coefficients": [1.425, 0, 15.85],
    "torque_constant": 0.2,
    "mass": 2.000,
    "gravity": [0, 0, -9.81],
    "J": [
      [0.0619, 0     , 0],
      [0     , 0.0694, 0],
      [0     , 0     , 0.11104000000000001]
    ],
    "motor_time_constant": 0.03,
    "action_limit": {
      "lower_bound": 0.3,
      "upper_bound": 0.7
    }
  }
}
